,,,,,close orice,gain and loss,Balance Before Variation,Margin call,Balance including,Balance after Withdrawals,1 = Marigin Call,1 = Incentive to Walk
,daily STD,,,,,,Margin and Withdrawals,, Any Variation Margin Due,Including Variation Margin Due,0 = No Margin Call,
initial Margin,2103.609783,6920.776715,6921,,,,,,,,,
maintenance Margin,1577.707337,5190.582536,5191,,,,,,,,157,
,,,,,,,,,,,,
Size of contract,1000,,,,64.01,,0,6921,6921,6921,0,
,,,,,63.28,-730,6191,0,6191,6191,1,
,,,,,62.17,-1110,5081,1840,6921,6921,0,
,2.326347874,,,,63.04,870,7791,0,7791,6921,0,
,,,,,63.92,880,7801,0,7801,6921,0,
,,,,,64.99,1070,7991,0,7991,6921,0,
,,,,,64.60,-390,6531,0,6531,6531,0,
,,,,,65.13,530,7061,0,7061,6921,0,
,,,,,66.30,1170,8091,0,8091,6921,0,
,,,,,65.28,-1020,5901,0,5901,5901,0,
,,,,,65.91,630,6531,0,6531,6531,0,
,,,,,66.36,450,6981,0,6981,6921,0,
,,,,,67.35,990,7911,0,7911,6921,0,
,,,,,67.38,30,6951,0,6951,6921,0,
,,,,,65.99,-1390,5531,0,5531,5531,1,
,,,,,64.72,-1270,4261,2660,6921,6921,0,
,,,,,63.68,-1040,5881,0,5881,5881,0,
,,,,,64.40,720,6601,0,6601,6601,0,
,,,,,63.72,-680,5921,0,5921,5921,0,
,,,,,65.34,1620,7541,0,7541,6921,0,
,,,,,66.66,1320,8241,0,8241,6921,0,
,,,,,65.00,-1660,5261,0,5261,5261,0,
,,,,,66.20,1200,6461,0,6461,6461,0,
,,,,,65.15,-1050,5411,0,5411,5411,1,
,,,,,63.82,-1330,4081,2840,6921,6921,0,
,,,,,64.73,910,7831,0,7831,6921,0,
,,,,,64.09,-640,6281,0,6281,6281,0,
,,,,,65.11,1020,7301,0,7301,6921,0,
,,,,,64.80,-310,6611,0,6611,6611,0,
,,,,,64.82,20,6631,0,6631,6631,0,
,,,,,65.92,1100,7731,0,7731,6921,0,
,,,,,66.20,280,7201,0,7201,6921,0,
,,,,,66.88,680,7601,0,7601,6921,0,
,,,,,66.88,0,6921,0,6921,6921,0,
,,,,,66.69,-190,6731,0,6731,6731,0,
,,,,,66.70,10,6741,0,6741,6741,0,
,,,,,67.02,320,7061,0,7061,6921,0,
,,,,,67.04,20,6941,0,6941,6921,0,
,,,,,66.95,-90,6831,0,6831,6831,0,
,,,,,68.13,1180,8011,0,8011,6921,0,
,,,,,68.31,180,7101,0,7101,6921,0,
,,,,,67.99,-320,6601,0,6601,6601,0,
,,,,,68.42,430,7031,0,7031,6921,0,
,,,,,68.42,0,6921,0,6921,6921,0,
,,,,,69.09,670,7591,0,7591,6921,0,
,,,,,69.01,-80,6841,0,6841,6841,0,
,,,,,69.64,630,7471,0,7471,6921,0,
,,,,,69.58,-60,6861,0,6861,6861,0,
,,,,,71.34,1760,8621,0,8621,6921,0,
,,,,,70.72,-620,6301,0,6301,6301,0,
,,,,,71.14,420,6721,0,6721,6721,0,
,,,,,70.35,-790,5931,0,5931,5931,0,
,,,,,70.05,-300,5631,0,5631,5631,0,
,,,,,70.14,90,5721,0,5721,5721,0,
,,,,,70.99,850,6571,0,6571,6571,0,
,,,,,70.59,-400,6171,0,6171,6171,1,
,,,,,69.57,-1020,5151,1770,6921,6921,0,
,,,,,68.88,-690,6231,0,6231,6231,0,
,,,,,69.64,760,6991,0,6991,6921,0,
,,,,,69.81,170,7091,0,7091,6921,0,
,,,,,70.79,980,7901,0,7901,6921,0,
,,,,,72.29,1500,8421,0,8421,6921,0,
,,,,,72.47,180,7101,0,7101,6921,0,
,,,,,71.30,-1170,5751,0,5751,5751,1,
,,,,,69.98,-1320,4431,2490,6921,6921,0,
,,,,,70.10,120,7041,0,7041,6921,0,
,,,,,69.58,-520,6401,0,6401,6401,0,
,,,,,70.37,790,7191,0,7191,6921,0,
,,,,,69.37,-1000,5921,0,5921,5921,0,
,,,,,69.81,440,6361,0,6361,6361,0,
,,,,,70.39,580,6941,0,6941,6921,1,
,,,,,68.58,-1810,5111,1810,6921,6921,0,
,,,,,69.71,1130,8051,0,8051,6921,0,
,,,,,69.53,-180,6741,0,6741,6741,0,
,,,,,69.53,0,6741,0,6741,6741,0,
,,,,,69.25,-280,6461,0,6461,6461,0,
,,,,,69.05,-200,6261,0,6261,6261,1,
,,,,,67.90,-1150,5111,1810,6921,6921,0,
,,,,,69.45,1550,8471,0,8471,6921,0,
,,,,,69.85,400,7321,0,7321,6921,0,
,,,,,69.89,40,6961,0,6961,6921,0,
,,,,,69.24,-650,6271,0,6271,6271,0,
,,,,,69.01,-230,6041,0,6041,6041,0,
,,,,,69.31,300,6341,0,6341,6341,1,
,,,,,67.98,-1330,5011,1910,6921,6921,1,
,,,,,66.14,-1840,5081,1840,6921,6921,0,
,,,,,66.61,470,7391,0,7391,6921,0,
,,,,,66.58,-30,6891,0,6891,6891,0,
,,,,,67.30,720,7611,0,7611,6921,0,
,,,,,67.26,-40,6881,0,6881,6881,0,
,,,,,66.86,-400,6481,0,6481,6481,0,
,,,,,67.33,470,6951,0,6951,6921,0,
,,,,,67.93,600,7521,0,7521,6921,0,
,,,,,68.03,100,7021,0,7021,6921,0,
,,,,,69.04,1010,7931,0,7931,6921,0,
,,,,,69.07,30,6951,0,6951,6921,0,
,,,,,69.51,440,7361,0,7361,6921,0,
,,,,,69.51,0,6921,0,6921,6921,0,
,,,,,70.69,1180,8101,0,8101,6921,0,
,,,,,70.69,0,6921,0,6921,6921,0,
,,,,,72.37,1680,8601,0,8601,6921,0,
,,,,,72.59,220,7141,0,7141,6921,0,
,,,,,72.37,-220,6701,0,6701,6701,0,
,,,,,72.15,-220,6481,0,6481,6481,0,
,,,,,72.40,250,6731,0,6731,6731,0,
,,,,,72.96,560,7291,0,7291,6921,0,
,,,,,74.23,1270,8191,0,8191,6921,0,
,,,,,74.27,40,6961,0,6961,6921,0,
,,,,,73.47,-800,6121,0,6121,6121,0,
,,,,,72.66,-810,5311,0,5311,5311,1,
,,,,,72.44,-220,5091,1830,6921,6921,0,
,,,,,71.67,-770,6151,0,6151,6151,0,
,,,,,71.70,30,6181,0,6181,6181,0,
,,,,,72.25,550,6731,0,6731,6731,0,
,,,,,71.26,-990,5741,0,5741,5741,0,
,,,,,72.16,900,6641,0,6641,6641,0,
,,,,,72.97,810,7451,0,7451,6921,0,
,,,,,72.12,-850,6071,0,6071,6071,0,
,,,,,73.29,1170,7241,0,7241,6921,0,
,,,,,73.69,400,7321,0,7321,6921,0,
,,,,,73.78,90,7011,0,7011,6921,0,
,,,,,73.66,-120,6801,0,6801,6801,0,
,,,,,73.48,-180,6621,0,6621,6621,0,
,,,,,74.81,1330,7951,0,7951,6921,0,
,,,,,73.70,-1110,5811,0,5811,5811,0,
,,,,,73.43,-270,5541,0,5541,5541,1,
,,,,,72.56,-870,4671,2250,6921,6921,0,
,,,,,73.29,730,7651,0,7651,6921,0,
,,,,,72.91,-380,6541,0,6541,6541,0,
,,,,,72.36,-550,5991,0,5991,5991,0,
,,,,,71.96,-400,5591,0,5591,5591,1,
,,,,,71.21,-750,4841,2080,6921,6921,0,
,,,,,71.45,240,7161,0,7161,6921,0,
,,,,,72.19,740,7661,0,7661,6921,0,
,,,,,71.95,-240,6681,0,6681,6681,0,
,,,,,71.84,-110,6571,0,6571,6571,0,
,,,,,71.85,10,6581,0,6581,6581,0,
,,,,,71.50,-350,6231,0,6231,6231,0,
,,,,,71.23,-270,5961,0,5961,5961,0,
,,,,,70.87,-360,5601,0,5601,5601,0,
,,,,,71.03,160,5761,0,5761,5761,0,
,,,,,71.24,210,5971,0,5971,5971,1,
,,,,,70.22,-1020,4951,1970,6921,6921,0,
,,,,,70.56,340,7261,0,7261,6921,0,
,,,,,69.76,-800,6121,0,6121,6121,0,
,,,,,69.80,40,6161,0,6161,6161,0,
,,,,,68.97,-830,5331,0,5331,5331,1,
,,,,,68.10,-870,4461,2460,6921,6921,0,
,,,,,66.66,-1440,5481,0,5481,5481,0,
,,,,,67.31,650,6131,0,6131,6131,0,
,,,,,67.37,60,6191,0,6191,6191,0,
,,,,,67.29,-80,6111,0,6111,6111,0,
,,,,,67.03,-260,5851,0,5851,5851,1,
,,,,,65.12,-1910,3941,2980,6921,6921,0,
,,,,,64.02,-1100,5821,0,5821,5821,0,
,,,,,63.96,-60,5761,0,5761,5761,0,
,,,,,63.45,-510,5251,0,5251,5251,0,
,,,,,63.77,320,5571,0,5571,5571,1,
,,,,,63.20,-570,5001,1920,6921,6921,0,
,,,,,64.81,1610,8531,0,8531,6921,0,
,,,,,65.22,410,7331,0,7331,6921,0,
,,,,,66.19,970,7891,0,7891,6921,0,
,,,,,65.38,-810,6111,0,6111,6111,0,
,,,,,64.60,-780,5331,0,5331,5331,0,
,,,,,64.84,240,5571,0,5571,5571,0,
,,,,,64.86,20,5591,0,5591,5591,0,
,,,,,64.76,-100,5491,0,5491,5491,0,
,,,,,64.69,-70,5421,0,5421,5421,0,
,,,,,64.73,40,5461,0,5461,5461,0,
,,,,,64.81,80,5541,0,5541,5541,0,
,,,,,65.71,900,6441,0,6441,6441,0,
,,,,,65.85,140,6581,0,6581,6581,0,
,,,,,67.17,1320,7901,0,7901,6921,0,
,,,,,67.39,220,7141,0,7141,6921,0,
,,,,,67.31,-80,6841,0,6841,6841,0,
,,,,,66.96,-350,6491,0,6491,6491,0,
,,,,,66.49,-470,6021,0,6021,6021,0,
,,,,,66.43,-60,5961,0,5961,5961,0,
,,,,,66.69,260,6221,0,6221,6221,0,
,,,,,67.80,1110,7331,0,7331,6921,0,
,,,,,66.62,-1180,5741,0,5741,5741,0,
,,,,,67.23,610,6351,0,6351,6351,1,
,,,,,65.60,-1630,4721,2200,6921,6921,0,
,,,,,66.04,440,7361,0,7361,6921,0,
,,,,,66.06,20,6941,0,6941,6921,0,
,,,,,65.28,-780,6141,0,6141,6141,0,
,,,,,66.27,990,7131,0,7131,6921,0,
,,,,,67.14,870,7791,0,7791,6921,0,
,,,,,65.74,-1400,5521,0,5521,5521,0,
,,,,,66.23,490,6011,0,6011,6011,0,
,,,,,67.13,900,6911,0,6911,6911,0,
,,,,,66.10,-1030,5881,0,5881,5881,0,
,,,,,65.83,-270,5611,0,5611,5611,0,
,,,,,65.83,0,5611,0,5611,5611,0,
,,,,,66.70,870,6481,0,6481,6481,0,
,,,,,65.72,-980,5501,0,5501,5501,0,
,,,,,66.81,1090,6591,0,6591,6591,0,
,,,,,67.33,520,7111,0,7111,6921,0,
,,,,,68.05,720,7641,0,7641,6921,0,
,,,,,67.98,-70,6851,0,6851,6851,0,
,,,,,67.98,0,6851,0,6851,6851,0,
,,,,,67.98,0,6851,0,6851,6851,0,
,,,,,68.34,360,7211,0,7211,6921,0,
,,,,,68.16,-180,6741,0,6741,6741,0,
,,,,,68.66,500,7241,0,7241,6921,0,
,,,,,68.96,300,7221,0,7221,6921,0,
,,,,,69.51,550,7471,0,7471,6921,0,
,,,,,69.00,-510,6411,0,6411,6411,0,
,,,,,68.92,-80,6331,0,6331,6331,0,
,,,,,68.46,-460,5871,0,5871,5871,0,
,,,,,68.06,-400,5471,0,5471,5471,1,
,,,,,67.64,-420,5051,1870,6921,6921,0,
,,,,,67.34,-300,6621,0,6621,6621,0,
,,,,,67.09,-250,6371,0,6371,6371,0,
,,,,,67.43,340,6711,0,6711,6711,0,
,,,,,68.28,850,7561,0,7561,6921,0,
,,,,,68.29,10,6931,0,6931,6921,0,
,,,,,67.02,-1270,5651,0,5651,5651,0,
,,,,,67.76,740,6391,0,6391,6391,0,
,,,,,68.66,900,7291,0,7291,6921,0,
,,,,,68.23,-430,6491,0,6491,6491,0,
,,,,,68.14,-90,6401,0,6401,6401,0,
,,,,,67.41,-730,5671,0,5671,5671,1,
,,,,,66.30,-1110,4561,2360,6921,6921,0,
,,,,,66.26,-40,6881,0,6881,6881,0,
,,,,,66.66,400,7281,0,7281,6921,0,
,,,,,66.66,0,6921,0,6921,6921,1,
,,,,,64.01,-2650,4271,2650,6921,6921,1,
,,,,,61.93,-2080,4841,2080,6921,6921,0,
,,,,,63.26,1330,8251,0,8251,6921,0,
,,,,,63.59,330,7251,0,7251,6921,0,
,,,,,63.47,-120,6801,0,6801,6801,0,
,,,,,61.96,-1510,5291,0,5291,5291,1,
,,,,,59.71,-2250,3041,3880,6921,6921,0,
,,,,,60.45,740,7661,0,7661,6921,0,
,,,,,60.45,0,6921,0,6921,6921,0,
,,,,,59.10,-1350,5571,0,5571,5571,0,
,,,,,59.62,520,6091,0,6091,6091,0,
,,,,,58.83,-790,5301,0,5301,5301,0,
,,,,,60.02,1190,6491,0,6491,6491,0,
,,,,,59.78,-240,6251,0,6251,6251,0,
,,,,,61.12,1340,7591,0,7591,6921,0,
,,,,,61.07,-50,6871,0,6871,6871,0,
,,,,,60.27,-800,6071,0,6071,6071,0,
,,,,,61.03,760,6831,0,6831,6831,0,
,,,,,59.96,-1070,5761,0,5761,5761,0,
,,,,,62.32,2360,8121,0,8121,6921,0,
,,,,,63.35,1030,7951,0,7951,6921,0,
,,,,,62.72,-630,6291,0,6291,6291,0,
,,,,,64.62,1900,8191,0,8191,6921,0,
,,,,,64.40,-220,6701,0,6701,6701,0,
,,,,,64.02,-380,6321,0,6321,6321,1,
,,,,,62.76,-1260,5061,1860,6921,6921,0,
,,,,,64.73,1970,8891,0,8891,6921,0,
,,,,,64.72,-10,6911,0,6911,6911,0,
,,,,,63.29,-1430,5481,0,5481,5481,0,
,,,,,64.31,1020,6501,0,6501,6501,1,
,,,,,62.76,-1550,4951,1970,6921,6921,0,
,,,,,62.23,-530,6391,0,6391,6391,0,
,,,,,63.47,1240,7631,0,7631,6921,0,
,,,,,62.86,-610,6311,0,6311,6311,0,
,,,,,64.15,1290,7601,0,7601,6921,0,
,,,,,65.94,1790,8711,0,8711,6921,0,
,,,,,67.02,1080,8001,0,8001,6921,0,
,,,,,67.21,190,7111,0,7111,6921,0,
,,,,,67.29,80,7001,0,7001,6921,0,
,,,,,68.09,800,7721,0,7721,6921,0,
,,,,,67.91,-180,6741,0,6741,6741,0,
,,,,,67.12,-790,5951,0,5951,5951,1,
,,,,,66.01,-1110,4841,2080,6921,6921,0,
,,,,,66.81,800,7721,0,7721,6921,0,
,,,,,67.68,870,7791,0,7791,6921,0,
,,,,,67.53,-150,6771,0,6771,6771,0,
,,,,,66.58,-950,5821,0,5821,5821,0,
,,,,,66.17,-410,5411,0,5411,5411,0,
,,,,,66.05,-120,5291,0,5291,5291,0,
,,,,,66.42,370,5661,0,5661,5661,1,
,,,,,65.86,-560,5101,1820,6921,6921,0,
,,,,,65.84,-20,6901,0,6901,6901,0,
,,,,,66.13,290,7191,0,7191,6921,0,
,,,,,65.89,-240,6681,0,6681,6681,0,
,,,,,66.50,610,7291,0,7291,6921,0,
,,,,,67.67,1170,8091,0,8091,6921,0,
,,,,,67.43,-240,6681,0,6681,6681,0,
,,,,,68.31,880,7561,0,7561,6921,0,
,,,,,68.78,470,7391,0,7391,6921,0,
,,,,,68.65,-130,6791,0,6791,6791,0,
,,,,,68.60,-50,6741,0,6741,6741,0,
,,,,,67.76,-840,5901,0,5901,5901,0,
,,,,,68.41,650,6551,0,6551,6551,0,
,,,,,68.43,20,6571,0,6571,6571,0,
,,,,,69.12,690,7261,0,7261,6921,0,
,,,,,69.58,460,7381,0,7381,6921,0,
,,,,,68.84,-740,6181,0,6181,6181,0,
,,,,,69.72,880,7061,0,7061,6921,0,
,,,,,69.61,-110,6811,0,6811,6811,0,
,,,,,70.43,820,7631,0,7631,6921,0,
,,,,,70.13,-300,6621,0,6621,6621,0,
,,,,,68.98,-1150,5471,0,5471,5471,1,
,,,,,68.45,-530,4941,1980,6921,6921,0,
,,,,,68.93,480,7401,0,7401,6921,0,
,,,,,68.52,-410,6511,0,6511,6511,0,
,,,,,69.04,520,7031,0,7031,6921,0,
,,,,,70.07,1030,7951,0,7951,6921,0,
,,,,,68.84,-1230,5691,0,5691,5691,0,
,,,,,70.12,1280,6971,0,6971,6921,0,
,,,,,69.49,-630,6291,0,6291,6291,0,
,,,,,70.59,1100,7391,0,7391,6921,0,
,,,,,70.08,-510,6411,0,6411,6411,0,
,,,,,69.94,-140,6271,0,6271,6271,0,
,,,,,69.91,-30,6241,0,6241,6241,0,
,,,,,69.90,-10,6231,0,6231,6231,0,
,,,,,69.45,-450,5781,0,5781,5781,0,
,,,,,68.96,-490,5291,0,5291,5291,0,
,,,,,69.00,40,5331,0,5331,5331,1,
,,,,,68.66,-340,4991,1930,6921,6921,0,
,,,,,68.78,120,7041,0,7041,6921,0,
,,,,,69.27,490,7411,0,7411,6921,0,
,,,,,68.81,-460,6461,0,6461,6461,0,
,,,,,69.32,510,6971,0,6971,6921,0,
,,,,,69.00,-320,6601,0,6601,6601,0,
,,,,,69.98,980,7581,0,7581,6921,0,
,,,,,69.79,-190,6731,0,6731,6731,0,
,,,,,70.41,620,7351,0,7351,6921,0,
,,,,,69.45,-960,5961,0,5961,5961,0,
,,,,,70.00,550,6511,0,6511,6511,0,
,,,,,69.89,-110,6401,0,6401,6401,0,
,,,,,70.29,400,6801,0,6801,6801,0,
,,,,,69.02,-1270,5531,0,5531,5531,0,
,,,,,69.26,240,5771,0,5771,5771,0,
,,,,,69.45,190,5961,0,5961,5961,0,
,,,,,70.31,860,6821,0,6821,6821,0,
,,,,,71.03,720,7541,0,7541,6921,0,
,,,,,70.69,-340,6581,0,6581,6581,0,
,,,,,71.14,450,7031,0,7031,6921,0,
,,,,,71.58,440,7361,0,7361,6921,0,
,,,,,69.91,-1670,5251,0,5251,5251,0,
,,,,,71.17,1260,6511,0,6511,6511,0,
,,,,,71.12,-50,6461,0,6461,6461,0,
,,,,,71.75,630,7091,0,7091,6921,0,
,,,,,72.15,400,7321,0,7321,6921,0,
,,,,,72.45,300,7221,0,7221,6921,0,
,,,,,72.68,230,7151,0,7151,6921,0,
,,,,,72.29,-390,6531,0,6531,6531,0,
,,,,,71.82,-470,6061,0,6061,6061,0,
,,,,,71.43,-390,5671,0,5671,5671,0,
,,,,,72.05,620,6291,0,6291,6291,0,
,,,,,72.56,510,6801,0,6801,6801,0,
,,,,,71.07,-1490,5311,0,5311,5311,0,
,,,,,70.96,-110,5201,0,5201,5201,1,
,,,,,70.55,-410,4791,2130,6921,6921,0,
,,,,,71.96,1410,8331,0,8331,6921,0,
,,,,,72.78,820,7741,0,7741,6921,0,
,,,,,72.87,90,7011,0,7011,6921,0,
,,,,,72.65,-220,6701,0,6701,6701,0,
,,,,,72.94,290,6991,0,6991,6921,0,
,,,,,73.36,420,7341,0,7341,6921,0,
,,,,,73.81,450,7371,0,7371,6921,0,
,,,,,73.50,-310,6611,0,6611,6611,0,
,,,,,73.37,-130,6481,0,6481,6481,0,
,,,,,73.64,270,6751,0,6751,6751,0,
,,,,,72.62,-1020,5731,0,5731,5731,1,
,,,,,71.25,-1370,4361,2560,6921,6921,0,
,,,,,72.00,750,7671,0,7671,6921,0,
,,,,,71.70,-300,6621,0,6621,6621,0,
,,,,,70.98,-720,5901,0,5901,5901,0,
,,,,,70.95,-30,5871,0,5871,5871,0,
,,,,,70.84,-110,5761,0,5761,5761,0,
,,,,,71.59,750,6511,0,6511,6511,0,
,,,,,70.63,-960,5551,0,5551,5551,0,
,,,,,71.18,550,6101,0,6101,6101,0,
,,,,,70.61,-570,5531,0,5531,5531,0,
,,,,,71.35,740,6271,0,6271,6271,0,
,,,,,71.65,300,6571,0,6571,6571,0,
,,,,,72.15,500,7071,0,7071,6921,0,
,,,,,71.97,-180,6741,0,6741,6741,1,
,,,,,70.07,-1900,4841,2080,6921,6921,0,
,,,,,70.44,370,7291,0,7291,6921,0,
,,,,,69.81,-630,6291,0,6291,6291,0,
,,,,,69.58,-230,6061,0,6061,6061,0,
,,,,,69.15,-430,5631,0,5631,5631,1,
,,,,,68.41,-740,4891,2030,6921,6921,0,
,,,,,68.68,270,7191,0,7191,6921,0,
,,,,,69.41,730,7651,0,7651,6921,0,
,,,,,67.93,-1480,5441,0,5441,5441,0,
,,,,,68.32,390,5831,0,5831,5831,0,
,,,,,68.06,-260,5571,0,5571,5571,1,
,,,,,67.41,-650,4921,2000,6921,6921,0,
,,,,,67.57,160,7081,0,7081,6921,0,
,,,,,68.00,430,7351,0,7351,6921,0,
,,,,,68.31,310,7231,0,7231,6921,0,
,,,,,68.83,520,7441,0,7441,6921,0,
,,,,,68.15,-680,6241,0,6241,6241,0,
,,,,,68.37,220,6461,0,6461,6461,0,
,,,,,68.03,-340,6121,0,6121,6121,0,
,,,,,68.56,530,6651,0,6651,6651,0,
,,,,,69.31,750,7401,0,7401,6921,0,
,,,,,68.86,-450,6471,0,6471,6471,0,
,,,,,69.27,410,6881,0,6881,6881,0,
,,,,,69.73,460,7341,0,7341,6921,0,
,,,,,70.12,390,7311,0,7311,6921,0,
,,,,,70.83,710,7631,0,7631,6921,0,
,,,,,71.39,560,7481,0,7481,6921,0,
,,,,,70.59,-800,6121,0,6121,6121,0,
,,,,,70.51,-80,6041,0,6041,6041,0,
,,,,,70.91,400,6441,0,6441,6441,0,
,,,,,70.88,-30,6411,0,6411,6411,0,
,,,,,71.54,660,7071,0,7071,6921,0,
,,,,,72.30,760,7681,0,7681,6921,0,
,,,,,73.09,790,7711,0,7711,6921,0,
,,,,,73.90,810,7731,0,7731,6921,0,
,,,,,73.10,-800,6121,0,6121,6121,0,
,,,,,72.46,-640,5481,0,5481,5481,0,
,,,,,73.04,580,6061,0,6061,6061,0,
,,,,,72.46,-580,5481,0,5481,5481,1,
,,,,,71.89,-570,4911,2010,6921,6921,0,
,,,,,71.65,-240,6681,0,6681,6681,0,
,,,,,71.57,-80,6601,0,6601,6601,0,
,,,,,73.28,1710,8311,0,8311,6921,0,
,,,,,73.96,680,7601,0,7601,6921,0,
,,,,,72.81,-1150,5771,0,5771,5771,0,
,,,,,73.63,820,6591,0,6591,6591,0,
,,,,,74.46,830,7421,0,7421,6921,0,
,,,,,74.83,370,7291,0,7291,6921,0,
,,,,,74.74,-90,6831,0,6831,6831,0,
,,,,,75.89,1150,7981,0,7981,6921,0,
,,,,,76.00,110,7031,0,7031,6921,0,
,,,,,75.37,-630,6291,0,6291,6291,0,
,,,,,76.40,1030,7321,0,7321,6921,0,
,,,,,75.93,-470,6451,0,6451,6451,0,
,,,,,75.66,-270,6181,0,6181,6181,0,
,,,,,75.72,60,6241,0,6241,6241,0,
,,,,,76.86,1140,7381,0,7381,6921,0,
,,,,,78.14,1280,8201,0,8201,6921,0,
,,,,,79.04,900,7821,0,7821,6921,0,
,,,,,81.35,2310,9231,0,9231,6921,1,
,,,,,79.42,-1930,4991,1930,6921,6921,0,
,,,,,81.35,1930,8851,0,8851,6921,0,
,,,,,80.45,-900,6021,0,6021,6021,0,
,,,,,81.77,1320,7341,0,7341,6921,0,
,,,,,80.66,-1110,5811,0,5811,5811,0,
,,,,,82.07,1410,7221,0,7221,6921,0,
,,,,,82.50,430,7351,0,7351,6921,0,
,,,,,82.51,10,6931,0,6931,6921,0,
,,,,,82.80,290,7211,0,7211,6921,0,
,,,,,81.38,-1420,5501,0,5501,5501,1,
,,,,,79.89,-1490,4011,2910,6921,6921,0,
,,,,,81.19,1300,8221,0,8221,6921,0,
,,,,,80.66,-530,6391,0,6391,6391,0,
,,,,,82.06,1400,7791,0,7791,6921,0,
,,,,,83.01,950,7871,0,7871,6921,0,
,,,,,85.07,2060,8981,0,8981,6921,0,
,,,,,84.54,-530,6391,0,6391,6391,0,
,,,,,84.54,0,6391,0,6391,6391,0,
,,,,,85.46,920,7311,0,7311,6921,0,
,,,,,85.40,-60,6861,0,6861,6861,1,
,,,,,83.68,-1720,5141,1780,6921,6921,0,
,,,,,82.40,-1280,5641,0,5641,5641,0,
,,,,,83.35,950,6591,0,6591,6591,0,
,,,,,82.87,-480,6111,0,6111,6111,0,
,,,,,84.59,1720,7831,0,7831,6921,0,
,,,,,84.86,270,7191,0,7191,6921,0,
,,,,,83.97,-890,6031,0,6031,6031,0,
,,,,,85.45,1480,7511,0,7511,6921,0,
,,,,,84.51,-940,5981,0,5981,5981,0,
,,,,,84.62,110,6091,0,6091,6091,0,
,,,,,85.47,850,6941,0,6941,6921,0,
,,,,,87.52,2050,8971,0,8971,6921,0,
,,,,,86.14,-1380,5541,0,5541,5541,0,
,,,,,86.17,30,5571,0,5571,5571,0,
,,,,,86.46,290,5861,0,5861,5861,1,
,,,,,85.47,-990,4871,2050,6921,6921,0,
,,,,,86.01,540,7461,0,7461,6921,0,
,,,,,85.71,-300,6621,0,6621,6621,0,
,,,,,86.15,440,7061,0,7061,6921,0,
,,,,,86.38,230,7151,0,7151,6921,0,
,,,,,86.61,230,7151,0,7151,6921,0,
,,,,,86.92,310,7231,0,7231,6921,0,
,,,,,86.20,-720,6201,0,6201,6201,0,
,,,,,85.99,-210,5991,0,5991,5991,0,
,,,,,88.36,2370,8361,0,8361,6921,0,
,,,,,88.99,630,7551,0,7551,6921,0,
,,,,,89.45,460,7381,0,7381,6921,0,
,,,,,87.88,-1570,5351,0,5351,5351,0,
,,,,,88.26,380,5731,0,5731,5731,1,
,,,,,86.84,-1420,4311,2610,6921,6921,0,
,,,,,85.85,-990,5931,0,5931,5931,0,
,,,,,85.55,-300,5631,0,5631,5631,0,
,,,,,86.58,1030,6661,0,6661,6661,0,
,,,,,85.75,-830,5831,0,5831,5831,0,
,,,,,85.16,-590,5241,0,5241,5241,1,
,,,,,84.71,-450,4791,2130,6921,6921,0,
,,,,,84.92,210,7131,0,7131,6921,0,
,,,,,84.54,-380,6541,0,6541,6541,1,
,,,,,83.07,-1470,5071,1850,6921,6921,0,
,,,,,84.68,1610,8531,0,8531,6921,0,
,,,,,86.33,1650,8571,0,8571,6921,0,
,,,,,87.13,800,7721,0,7721,6921,0,
,,,,,87.21,80,7001,0,7001,6921,0,
,,,,,87.88,670,7591,0,7591,6921,0,
,,,,,88.12,240,7161,0,7161,6921,0,
,,,,,86.65,-1470,5451,0,5451,5451,0,
,,,,,87.38,730,6181,0,6181,6181,1,
,,,,,85.77,-1610,4571,2350,6921,6921,0,
,,,,,84.84,-930,5991,0,5991,5991,0,
,,,,,85.82,980,6971,0,6971,6921,0,
,,,,,88.00,2180,9101,0,9101,6921,0,
,,,,,89.14,1140,8061,0,8061,6921,0,
,,,,,88.74,-400,6521,0,6521,6521,0,
,,,,,89.42,680,7201,0,7201,6921,0,
,,,,,91.34,1920,8841,0,8841,6921,0,
,,,,,90.77,-570,6351,0,6351,6351,0,
,,,,,93.18,2410,8761,0,8761,6921,0,
,,,,,93.36,180,7101,0,7101,6921,0,
,,,,,92.64,-720,6201,0,6201,6201,0,
,,,,,92.95,310,6511,0,6511,6511,0,
,,,,,93.46,510,7021,0,7021,6921,0,
,,,,,95.30,1840,8761,0,8761,6921,0,
,,,,,95.22,-80,6841,0,6841,6841,0,
,,,,,97.99,2770,9611,0,9611,6921,0,
,,,,,97.42,-570,6351,0,6351,6351,0,
,,,,,98.15,730,7081,0,7081,6921,1,
,,,,,95.27,-2880,4041,2880,6921,6921,0,
,,,,,98.68,3410,10331,0,10331,6921,0,
,,,,,99.16,480,7401,0,7401,6921,1,
,,,,,96.87,-2290,4631,2290,6921,6921,0,
,,,,,96.40,-470,6451,0,6451,6451,0,
,,,,,97.52,1120,7571,0,7571,6921,0,
,,,,,99.51,1990,8911,0,8911,6921,0,
,,,,,100.90,1390,8311,0,8311,6921,0,
,,,,,99.92,-980,5941,0,5941,5941,1,
,,,,,96.58,-3340,2601,4320,6921,6921,0,
,,,,,100.90,4320,11241,0,11241,6921,1,
,,,,,95.84,-5060,1861,5060,6921,6921,0,
,,,,,95.57,-270,6651,0,6651,6651,0,
,,,,,95.01,-560,6091,0,6091,6091,0,
,,,,,95.70,690,6781,0,6781,6781,0,
,,,,,97.71,2010,8791,0,8791,6921,0,
,,,,,98.58,870,7791,0,7791,6921,0,
,,,,,97.14,-1440,5481,0,5481,5481,1,
,,,,,94.45,-2690,2791,4130,6921,6921,0,
,,,,,94.01,-440,6481,0,6481,6481,0,
,,,,,97.25,3240,9721,0,9721,6921,1,
,,,,,95.28,-1970,4951,1970,6921,6921,0,
,,,,,97.64,2360,9281,0,9281,6921,0,
,,,,,99.67,2030,8951,0,8951,6921,0,
,,,,,99.22,-450,6471,0,6471,6471,0,
,,,,,100.44,1220,7691,0,7691,6921,0,
,,,,,100.62,180,7101,0,7101,6921,0,
,,,,,101.37,750,7671,0,7671,6921,0,
,,,,,102.09,720,7641,0,7641,6921,0,
,,,,,103.70,1610,8531,0,8531,6921,0,
,,,,,105.10,1400,8321,0,8321,6921,0,
,,,,,105.72,620,7541,0,7541,6921,0,
,,,,,106.94,1220,8141,0,8141,6921,0,
,,,,,107.78,840,7761,0,7761,6921,0,
,,,,,108.70,920,7841,0,7841,6921,0,
,,,,,109.36,660,7581,0,7581,6921,1,
,,,,,107.01,-2350,4571,2350,6921,6921,0,
,,,,,108.31,1300,8221,0,8221,6921,0,
,,,,,108.89,580,7501,0,7501,6921,1,
,,,,,106.72,-2170,4751,2170,6921,6921,0,
,,,,,105.08,-1640,5281,0,5281,5281,1,
,,,,,104.70,-380,4901,2020,6921,6921,0,
,,,,,108.42,3720,10641,0,10641,6921,0,
,,,,,111.51,3090,10011,0,10011,6921,0,
,,,,,113.29,1780,8701,0,8701,6921,0,
,,,,,115.73,2440,9361,0,9361,6921,0,
,,,,,117.17,1440,8361,0,8361,6921,0,
,,,,,120.42,3250,10171,0,10171,6921,0,
,,,,,119.01,-1410,5511,0,5511,5511,0,
,,,,,119.83,820,6331,0,6331,6331,0,
,,,,,120.03,200,6531,0,6531,6531,0,
,,,,,120.00,-30,6501,0,6501,6501,0,
,,,,,123.70,3700,10201,0,10201,6921,0,
,,,,,125.72,2020,8941,0,8941,6921,0,
,,,,,130.52,4800,11721,0,11721,6921,0,
,,,,,134.43,3910,10831,0,10831,6921,1,
,,,,,129.57,-4860,2061,4860,6921,6921,0,
,,,,,129.13,-440,6481,0,6481,6481,1,
,,,,,127.12,-2010,4471,2450,6921,6921,0,
,,,,,127.38,260,7181,0,7181,6921,1,
,,,,,124.48,-2900,4021,2900,6921,6921,0,
,,,,,124.23,-250,6671,0,6671,6671,0,
,,,,,125.22,990,7661,0,7661,6921,1,
,,,,,123.24,-1980,4941,1980,6921,6921,0,
,,,,,121.52,-1720,5201,0,5201,5201,0,
,,,,,125.69,4170,9371,0,9371,6921,0,
,,,,,132.66,6970,13891,0,13891,6921,1,
,,,,,129.88,-2780,4141,2780,6921,6921,0,
,,,,,128.88,-1000,5921,0,5921,5921,0,
,,,,,134.44,5560,11481,0,11481,6921,0,
,,,,,135.39,950,7871,0,7871,6921,0,
,,,,,134.37,-1020,5901,0,5901,5901,0,
,,,,,135.35,980,6881,0,6881,6881,0,
,,,,,134.26,-1090,5791,0,5791,5791,0,
,,,,,135.62,1360,7151,0,7151,6921,1,
,,,,,131.74,-3880,3041,3880,6921,6921,0,
,,,,,133.26,1520,8441,0,8441,6921,0,
,,,,,134.70,1440,8361,0,8361,6921,0,
,,,,,135.62,920,7841,0,7841,6921,1,
,,,,,133.74,-1880,5041,1880,6921,6921,0,
,,,,,137.90,4160,11081,0,11081,6921,0,
,,,,,138.38,480,7401,0,7401,6921,0,
,,,,,138.93,550,7471,0,7471,6921,0,
,,,,,140.11,1180,8101,0,8101,6921,0,
,,,,,142.71,2600,9521,0,9521,6921,0,
,,,,,144.29,1580,8501,0,8501,6921,1,
,,,,,141.88,-2410,4511,2410,6921,6921,1,
,,,,,137.66,-4220,2701,4220,6921,6921,0,
,,,,,137.52,-140,6781,0,6781,6781,0,
,,,,,141.69,4170,10951,0,10951,6921,0,
,,,,,143.71,2020,8941,0,8941,6921,0,
,,,,,144.71,1000,7921,0,7921,6921,1,
,,,,,139.28,-5430,1491,5430,6921,6921,1,
,,,,,136.07,-3210,3711,3210,6921,6921,1,
,,,,,131.02,-5050,1871,5050,6921,6921,0,
,,,,,130.37,-650,6271,0,6271,6271,0,
,,,,,132.67,2300,8571,0,8571,6921,1,
,,,,,130.08,-2590,4331,2590,6921,6921,1,
,,,,,126.37,-3710,3211,3710,6921,6921,0,
,,,,,125.30,-1070,5851,0,5851,5851,1,
,,,,,123.49,-1810,4041,2880,6921,6921,0,
,,,,,124.78,1290,8211,0,8211,6921,1,
,,,,,122.43,-2350,4571,2350,6921,6921,0,
,,,,,125.94,3510,10431,0,10431,6921,1,
,,,,,123.21,-2730,4191,2730,6921,6921,0,
,,,,,124.64,1430,8351,0,8351,6921,1,
,,,,,120.84,-3800,3121,3800,6921,6921,1,
,,,,,117.57,-3270,3651,3270,6921,6921,0,
,,,,,116.78,-790,6131,0,6131,6131,0,
,,,,,117.29,510,6641,0,6641,6641,1,
,,,,,114.61,-2680,3961,2960,6921,6921,0,
,,,,,114.33,-280,6641,0,6641,6641,1,
,,,,,112.79,-1540,5101,1820,6921,6921,0,
,,,,,115.02,2230,9151,0,9151,6921,0,
,,,,,114.46,-560,6361,0,6361,6361,0,
,,,,,114.38,-80,6281,0,6281,6281,1,
,,,,,113.08,-1300,4981,1940,6921,6921,0,
,,,,,114.55,1470,8391,0,8391,6921,0,
,,,,,116.53,1980,8901,0,8901,6921,0,
,,,,,123.26,6730,13651,0,13651,6921,1,
,,,,,116.95,-6310,611,6310,6921,6921,0,
,,,,,117.79,840,7761,0,7761,6921,0,
,,,,,118.13,340,7261,0,7261,6921,0,
,,,,,119.60,1470,8391,0,8391,6921,1,
,,,,,117.81,-1790,5131,1790,6921,6921,0,
,,,,,117.37,-440,6481,0,6481,6481,1,
,,,,,114.61,-2760,3721,3200,6921,6921,0,
,,,,,113.78,-830,6091,0,6091,6091,1,
,,,,,111.97,-1810,4281,2640,6921,6921,1,
,,,,,109.87,-2100,4821,2100,6921,6921,0,
,,,,,109.67,-200,6721,0,6721,6721,1,
,,,,,106.82,-2850,3871,3050,6921,6921,0,
,,,,,106.11,-710,6211,0,6211,6211,1,
,,,,,104.71,-1400,4811,2110,6921,6921,0,
,,,,,105.49,780,7701,0,7701,6921,1,
,,,,,100.11,-5380,1541,5380,6921,6921,1,
,,,,,94.59,-5520,1401,5520,6921,6921,0,
,,,,,99.19,4600,11521,0,11521,6921,0,
,,,,,100.37,1180,8101,0,8101,6921,0,
,,,,,104.72,4350,11271,0,11271,6921,0,
,,,,,110.33,5610,12531,0,12531,6921,1,
,,,,,106.61,-3720,3201,3720,6921,6921,0,
,,,,,106.59,-20,6901,0,6901,6901,0,
,,,,,109.15,2560,9461,0,9461,6921,0,
,,,,,108.68,-470,6451,0,6451,6451,1,
,,,,,100.51,-8170,-1719,8640,6921,6921,0,
,,,,,104.41,3900,10821,0,10821,6921,1,
,,,,,101.81,-2600,4321,2600,6921,6921,1,
,,,,,97.27,-4540,2381,4540,6921,6921,0,
,,,,,96.20,-1070,5851,0,5851,5851,1,
,,,,,90.60,-5600,251,6670,6921,6921,0,
,,,,,92.33,1730,8651,0,8651,6921,0,
,,,,,92.29,-40,6881,0,6881,6881,0,
,,,,,91.42,-870,6011,0,6011,6011,1,
,,,,,84.47,-6950,-939,7860,6921,6921,0,
,,,,,87.54,3070,9991,0,9991,6921,1,
,,,,,85.21,-2330,4591,2330,6921,6921,1,
,,,,,81.69,-3520,3401,3520,6921,6921,1,
,,,,,77.87,-3820,3101,3820,6921,6921,0,
,,,,,79.53,1660,8581,0,8581,6921,0,
,,,,,81.72,2190,9111,0,9111,6921,0,
,,,,,80.40,-1320,5601,0,5601,5601,1,
,,,,,74.98,-5420,181,6740,6921,6921,0,
,,,,,75.83,850,7771,0,7771,6921,1,
,,,,,72.40,-3430,3491,3430,6921,6921,0,
,,,,,71.26,-1140,5781,0,5781,5781,1,
,,,,,70.13,-1130,4651,2270,6921,6921,0,
,,,,,75.42,5290,12211,0,12211,6921,0,
,,,,,75.09,-330,6591,0,6591,6591,0,
,,,,,77.00,1910,8501,0,8501,6921,1,
,,,,,74.16,-2840,4081,2840,6921,6921,0,
,,,,,81.68,7520,14441,0,14441,6921,1,
,,,,,77.34,-4340,2581,4340,6921,6921,1,
,,,,,73.58,-3760,3161,3760,6921,6921,0,
,,,,,74.00,420,7341,0,7341,6921,0,
,,,,,74.36,360,7281,0,7281,6921,1,
,,,,,71.75,-2610,4311,2610,6921,6921,1,
,,,,,68.85,-2900,4021,2900,6921,6921,0,
,,,,,70.94,2090,9011,0,9011,6921,0,
,,,,,69.81,-1130,5791,0,5791,5791,1,
,,,,,67.82,-1990,3801,3120,6921,6921,0,
,,,,,66.65,-1170,5751,0,5751,5751,0,
,,,,,66.88,230,5981,0,5981,5981,1,
,,,,,63.27,-3610,2371,4550,6921,6921,0,
,,,,,63.67,400,7321,0,7321,6921,0,
,,,,,67.93,4260,11181,0,11181,6921,1,
,,,,,65.14,-2790,4131,2790,6921,6921,0,
,,,,,68.38,3240,10161,0,10161,6921,0,
,,,,,68.38,0,6921,0,6921,6921,0,
,,,,,68.50,120,7041,0,7041,6921,1,
,,,,,64.35,-4150,2771,4150,6921,6921,0,
,,,,,62.64,-1710,5211,0,5211,5211,0,
,,,,,63.17,530,5741,0,5741,5741,1,
,,,,,60.88,-2290,3451,3470,6921,6921,1,
,,,,,58.05,-2830,4091,2830,6921,6921,0,
,,,,,61.10,3050,9971,0,9971,6921,1,
,,,,,58.64,-2460,4461,2460,6921,6921,0,
,,,,,58.01,-630,6291,0,6291,6291,0,
,,,,,62.31,4300,10591,0,10591,6921,0,
,,,,,61.51,-800,6121,0,6121,6121,1,
,,,,,60.53,-980,5141,1780,6921,6921,0,
,,,,,59.74,-790,6131,0,6131,6131,0,
,,,,,59.06,-680,5451,0,5451,5451,1,
,,,,,57.43,-1630,3821,3100,6921,6921,0,
,,,,,57.95,520,7441,0,7441,6921,1,
,,,,,55.19,-2760,4161,2760,6921,6921,0,
,,,,,54.73,-460,6461,0,6461,6461,1,
,,,,,51.85,-2880,3581,3340,6921,6921,0,
,,,,,54.42,2570,9491,0,9491,6921,0,
,,,,,56.34,1920,8841,0,8841,6921,0,
,,,,,56.73,390,7311,0,7311,6921,0,
,,,,,61.62,4890,11811,0,11811,6921,0,
,,,,,63.10,1480,8401,0,8401,6921,0,
,,,,,64.77,1670,8591,0,8591,6921,0,
,,,,,64.87,100,7021,0,7021,6921,1,
,,,,,61.57,-3300,3621,3300,6921,6921,0,
,,,,,61.36,-210,6711,0,6711,6711,0,
,,,,,61.65,290,7001,0,7001,6921,0,
,,,,,60.31,-1340,5581,0,5581,5581,0,
,,,,,61.39,1080,6661,0,6661,6661,0,
,,,,,61.31,-80,6581,0,6581,6581,0,
,,,,,61.20,-110,6471,0,6471,6471,0,
,,,,,60.49,-710,5761,0,5761,5761,1,
,,,,,57.10,-3390,2371,4550,6921,6921,0,
,,,,,56.18,-920,6001,0,6001,6001,0,
,,,,,56.30,120,6121,0,6121,6121,0,
,,,,,58.67,2370,8491,0,8491,6921,0,
,,,,,57.31,-1360,5561,0,5561,5561,1,
,,,,,55.97,-1340,4221,2700,6921,6921,0,
,,,,,57.34,1370,8291,0,8291,6921,0,
,,,,,57.54,200,7121,0,7121,6921,0,
,,,,,56.84,-700,6221,0,6221,6221,1,
,,,,,54.86,-1980,4241,2680,6921,6921,0,
,,,,,54.94,80,7001,0,7001,6921,0,
,,,,,55.81,870,7791,0,7791,6921,0,
,,,,,57.14,1330,8251,0,8251,6921,0,
,,,,,57.67,530,7451,0,7451,6921,0,
,,,,,57.54,-130,6791,0,6791,6791,0,
,,,,,56.04,-1500,5291,0,5291,5291,0,
,,,,,56.25,210,5501,0,5501,5501,0,
,,,,,56.59,340,5841,0,5841,5841,1,
,,,,,55.26,-1330,4511,2410,6921,6921,1,
,,,,,51.60,-3660,3261,3660,6921,6921,1,
,,,,,49.41,-2190,4731,2190,6921,6921,0,
,,,,,52.26,2850,9771,0,9771,6921,0,
,,,,,51.67,-590,6331,0,6331,6331,0,
,,,,,51.53,-140,6191,0,6191,6191,0,
,,,,,52.63,1100,7291,0,7291,6921,0,
,,,,,53.36,730,7651,0,7651,6921,0,
,,,,,55.61,2250,9171,0,9171,6921,0,
,,,,,54.71,-900,6021,0,6021,6021,1,
,,,,,50.79,-3920,2101,4820,6921,6921,0,
,,,,,51.77,980,7901,0,7901,6921,0,
,,,,,53.56,1790,8711,0,8711,6921,0,
,,,,,52.72,-840,6081,0,6081,6081,0,
,,,,,53.62,900,6981,0,6981,6921,0,
,,,,,53.16,-460,6461,0,6461,6461,0,
,,,,,53.42,260,6721,0,6721,6721,1,
,,,,,51.62,-1800,4921,2000,6921,6921,0,
,,,,,54.80,3180,10101,0,10101,6921,0,
,,,,,54.37,-430,6491,0,6491,6491,0,
,,,,,55.32,950,7441,0,7441,6921,0,
,,,,,57.50,2180,9101,0,9101,6921,0,
,,,,,58.02,520,7441,0,7441,6921,0,
,,,,,61.71,3690,10611,0,10611,6921,0,
,,,,,62.36,650,7571,0,7571,6921,0,
,,,,,64.72,2360,9281,0,9281,6921,0,
,,,,,64.24,-480,6441,0,6441,6441,1,
,,,,,62.75,-1490,4951,1970,6921,6921,0,
,,,,,64.08,1330,8251,0,8251,6921,0,
,,,,,62.79,-1290,5631,0,5631,5631,1,
,,,,,59.90,-2890,2741,4180,6921,6921,0,
,,,,,60.59,690,7611,0,7611,6921,0,
,,,,,59.41,-1180,5741,0,5741,5741,0,
,,,,,63.74,4330,10071,0,10071,6921,0,
,,,,,64.10,360,7281,0,7281,6921,0,
,,,,,63.46,-640,6281,0,6281,6281,0,
,,,,,62.61,-850,5431,0,5431,5431,0,
,,,,,62.88,270,5701,0,5701,5701,0,
,,,,,64.66,1780,7481,0,7481,6921,0,
,,,,,63.08,-1580,5341,0,5341,5341,1,
,,,,,62.86,-220,5121,1800,6921,6921,0,
,,,,,62.14,-720,6201,0,6201,6201,0,
,,,,,62.55,410,6611,0,6611,6611,0,
,,,,,62.35,-200,6411,0,6411,6411,1,
,,,,,59.51,-2840,3571,3350,6921,6921,0,
,,,,,59.43,-80,6841,0,6841,6841,0,
,,,,,59.50,70,6911,0,6911,6911,0,
,,,,,59.12,-380,6531,0,6531,6531,0,
,,,,,60.56,1440,7971,0,7971,6921,0,
,,,,,59.52,-1040,5881,0,5881,5881,0,
,,,,,59.11,-410,5471,0,5471,5471,0,
,,,,,60.28,1170,6641,0,6641,6641,0,
,,,,,60.38,100,6741,0,6741,6741,0,
,,,,,62.57,2190,8931,0,8931,6921,0,
,,,,,64.27,1700,8621,0,8621,6921,0,
,,,,,63.50,-770,6151,0,6151,6151,0,
,,,,,64.99,1490,7641,0,7641,6921,0,
,,,,,65.00,10,6931,0,6931,6921,0,
,,,,,65.95,950,7871,0,7871,6921,0,
,,,,,65.76,-190,6731,0,6731,6731,0,
,,,,,66.04,280,7011,0,7011,6921,0,
,,,,,65.36,-680,6241,0,6241,6241,0,
,,,,,65.65,290,6531,0,6531,6531,1,
,,,,,63.19,-2460,4071,2850,6921,6921,0,
,,,,,65.32,2130,9051,0,9051,6921,0,
,,,,,65.75,430,7351,0,7351,6921,0,
,,,,,66.56,810,7731,0,7731,6921,0,
,,,,,66.05,-510,6411,0,6411,6411,0,
,,,,,66.67,620,7031,0,7031,6921,0,
,,,,,66.88,210,7131,0,7131,6921,0,
,,,,,67.82,940,7861,0,7861,6921,0,
,,,,,69.67,1850,8771,0,8771,6921,0,
,,,,,70.59,920,7841,0,7841,6921,0,
,,,,,72.74,2150,9071,0,9071,6921,0,
,,,,,73.74,1000,7921,0,7921,6921,0,
,,,,,72.59,-1150,5771,0,5771,5771,0,
,,,,,74.88,2290,8061,0,8061,6921,0,
,,,,,74.86,-20,6901,0,6901,6901,0,
,,,,,74.89,30,6931,0,6931,6921,0,
,,,,,76.07,1180,8101,0,8101,6921,0,
,,,,,76.69,620,7541,0,7541,6921,0,
,,,,,77.65,960,7881,0,7881,6921,0,
,,,,,76.95,-700,6221,0,6221,6221,1,
,,,,,75.76,-1190,5031,1890,6921,6921,0,
,,,,,75.37,-390,6531,0,6531,6531,0,
,,,,,76.02,650,7181,0,7181,6921,0,
,,,,,75.89,-130,6791,0,6791,6791,0,
,,,,,74.41,-1480,5311,0,5311,5311,1,
,,,,,72.06,-2350,2961,3960,6921,6921,0,
,,,,,73.41,1350,8271,0,8271,6921,0,
,,,,,73.12,-290,6631,0,6631,6631,0,
,,,,,74.43,1310,7941,0,7941,6921,0,
,,,,,73.42,-1010,5911,0,5911,5911,0,
,,,,,75.46,2040,7951,0,7951,6921,0,
,,,,,74.14,-1320,5601,0,5601,5601,0,
,,,,,73.93,-210,5391,0,5391,5391,1,
,,,,,71.88,-2050,3341,3580,6921,6921,1,
,,,,,69.33,-2550,4371,2550,6921,6921,0,
,,,,,68.43,-900,6021,0,6021,6021,1,
,,,,,66.29,-2140,3881,3040,6921,6921,0,
,,,,,66.89,600,7521,0,7521,6921,0,
,,,,,66.23,-660,6261,0,6261,6261,0,
,,,,,65.85,-380,5881,0,5881,5881,0,
,,,,,65.71,-140,5741,0,5741,5741,0,
,,,,,68.14,2430,8171,0,8171,6921,0,
,,,,,69.14,1000,7921,0,7921,6921,0,
,,,,,70.67,1530,8451,0,8451,6921,0,
,,,,,71.86,1190,8111,0,8111,6921,0,
,,,,,72.10,240,7161,0,7161,6921,0,
,,,,,72.96,860,7781,0,7781,6921,0,
,,,,,74.67,1710,8631,0,8631,6921,0,
,,,,,75.34,670,7591,0,7591,6921,0,
,,,,,75.07,-270,6651,0,6651,6651,0,
,,,,,74.19,-880,5771,0,5771,5771,1,
,,,,,71.37,-2820,2951,3970,6921,6921,0,
,,,,,74.81,3440,10361,0,10361,6921,0,
,,,,,76.06,1250,8171,0,8171,6921,0,
,,,,,77.73,1670,8591,0,8591,6921,0,
,,,,,78.39,660,7581,0,7581,6921,0,
,,,,,79.10,710,7631,0,7631,6921,0,
,,,,,78.91,-190,6731,0,6731,6731,0,
,,,,,77.60,-1310,5421,0,5421,5421,0,
,,,,,77.88,280,5701,0,5701,5701,1,
,,,,,76.60,-1280,4421,2500,6921,6921,0,
,,,,,76.96,360,7281,0,7281,6921,0,
,,,,,77.28,320,7241,0,7241,6921,1,
,,,,,74.76,-2520,4401,2520,6921,6921,0,
,,,,,74.12,-640,6281,0,6281,6281,0,
,,,,,75.97,1850,8131,0,8131,6921,0,
,,,,,78.07,2100,9021,0,9021,6921,0,
,,,,,76.95,-1120,5801,0,5801,5801,0,
,,,,,77.76,810,6611,0,6611,6611,0,
,,,,,77.97,210,6821,0,6821,6821,1,
,,,,,75.83,-2140,4681,2240,6921,6921,0,
,,,,,75.50,-330,6591,0,6591,6591,0,
,,,,,76.33,830,7421,0,7421,6921,0,
,,,,,76.45,120,7041,0,7041,6921,1,
,,,,,73.71,-2740,4181,2740,6921,6921,1,
,,,,,71.95,-1760,5161,1760,6921,6921,0,
,,,,,71.64,-310,6611,0,6611,6611,0,
,,,,,71.30,-340,6271,0,6271,6271,0,
,,,,,71.14,-160,6111,0,6111,6111,0,
,,,,,73.82,2680,8791,0,8791,6921,0,
,,,,,73.86,40,6961,0,6961,6921,0,
,,,,,74.27,410,7331,0,7331,6921,1,
,,,,,72.14,-2130,4791,2130,6921,6921,0,
,,,,,72.04,-100,6821,0,6821,6821,0,
,,,,,73.61,1570,8391,0,8391,6921,0,
,,,,,75.01,1400,8321,0,8321,6921,0,
,,,,,75.34,330,7251,0,7251,6921,0,
,,,,,75.10,-240,6681,0,6681,6681,1,
,,,,,72.44,-2660,4021,2900,6921,6921,0,
,,,,,74.11,1670,8591,0,8591,6921,1,
,,,,,71.76,-2350,4571,2350,6921,6921,1,
,,,,,68.77,-2990,3931,2990,6921,6921,0,
,,,,,68.62,-150,6771,0,6771,6771,0,
,,,,,69.31,690,7461,0,7461,6921,0,
,,,,,69.22,-90,6831,0,6831,6831,0,
,,,,,72.79,3570,10401,0,10401,6921,0,
,,,,,73.10,310,7231,0,7231,6921,0,
,,,,,72.17,-930,5991,0,5991,5991,0,
,,,,,72.24,70,6061,0,6061,6061,0,
,,,,,72.74,500,6561,0,6561,6561,0,
,,,,,71.66,-1080,5481,0,5481,5481,0,
,,,,,74.22,2560,8041,0,8041,6921,0,
,,,,,74.40,180,7101,0,7101,6921,0,
,,,,,75.77,1370,8291,0,8291,6921,0,
,,,,,76.82,1050,7971,0,7971,6921,0,
,,,,,77.56,740,7661,0,7661,6921,0,
,,,,,79.98,2420,9341,0,9341,6921,0,
,,,,,80.90,920,7841,0,7841,6921,0,
,,,,,81.80,900,7821,0,7821,6921,0,
,,,,,81.16,-640,6281,0,6281,6281,0,
,,,,,83.47,2310,8591,0,8591,6921,0,
,,,,,83.42,-50,6871,0,6871,6871,0,
,,,,,82.91,-510,6361,0,6361,6361,1,
,,,,,81.06,-1850,4511,2410,6921,6921,0,
,,,,,81.73,670,7591,0,7591,6921,1,
,,,,,79.60,-2130,4791,2130,6921,6921,0,
,,,,,81.88,2280,9201,0,9201,6921,1,
,,,,,79.26,-2620,4301,2620,6921,6921,0,
,,,,,80.66,1400,8321,0,8321,6921,0,
,,,,,82.11,1450,8371,0,8371,6921,0,
,,,,,82.93,820,7741,0,7741,6921,0,
,,,,,82.12,-810,6111,0,6111,6111,1,
,,,,,79.99,-2130,3981,2940,6921,6921,0,
,,,,,81.97,1980,8901,0,8901,6921,0,
,,,,,81.49,-480,6441,0,6441,6441,0,
,,,,,81.88,390,6831,0,6831,6831,1,
,,,,,79.83,-2050,4781,2140,6921,6921,0,
,,,,,79.18,-650,6271,0,6271,6271,0,
,,,,,81.59,2410,8681,0,8681,6921,0,
,,,,,81.84,250,7171,0,7171,6921,0,
,,,,,82.27,430,7351,0,7351,6921,1,
,,,,,80.36,-1910,5011,1910,6921,6921,0,
,,,,,79.85,-510,6411,0,6411,6411,0,
,,,,,80.07,220,6631,0,6631,6631,0,
,,,,,78.96,-1110,5521,0,5521,5521,0,
,,,,,81.03,2070,7591,0,7591,6921,0,
,,,,,79.38,-1650,5271,0,5271,5271,0,
,,,,,80.74,1360,6631,0,6631,6631,0,
,,,,,81.84,1100,7731,0,7731,6921,0,
,,,,,80.44,-1400,5521,0,5521,5521,0,
,,,,,80.76,320,5841,0,5841,5841,1,
,,,,,79.84,-920,4921,2000,6921,6921,0,
,,,,,78.75,-1090,5831,0,5831,5831,1,
,,,,,77.24,-1510,4321,2600,6921,6921,1,
,,,,,74.90,-2340,4581,2340,6921,6921,0,
,,,,,74.64,-260,6661,0,6661,6661,0,
,,,,,74.63,-10,6651,0,6651,6651,0,
,,,,,74.56,-70,6581,0,6581,6581,0,
,,,,,74.84,280,6861,0,6861,6861,0,
,,,,,76.09,1250,8111,0,8111,6921,0,
,,,,,75.56,-530,6391,0,6391,6391,0,
,,,,,75.99,430,6821,0,6821,6821,0,
,,,,,75.32,-670,6151,0,6151,6151,0,
,,,,,75.74,420,6571,0,6571,6571,0,
,,,,,77.86,2120,8691,0,8691,6921,0,
,,,,,79.32,1460,8381,0,8381,6921,0,
,,,,,80.17,850,7771,0,7771,6921,0,
,,,,,80.31,140,7061,0,7061,6921,0,
,,,,,80.73,420,7341,0,7341,6921,0,
,,,,,80.63,-100,6821,0,6821,6821,0,
,,,,,82.65,2020,8841,0,8841,6921,0,
,,,,,82.99,340,7261,0,7261,6921,0,
,,,,,84.31,1320,8241,0,8241,6921,0,
,,,,,83.75,-560,6361,0,6361,6361,0,
,,,,,83.87,120,6481,0,6481,6481,0,
,,,,,83.55,-320,6161,0,6161,6161,1,
,,,,,81.70,-1850,4311,2610,6921,6921,0,
,,,,,80.60,-1100,5821,0,5821,5821,0,
,,,,,80.47,-130,5691,0,5691,5691,1,
,,,,,78.97,-1500,4191,2730,6921,6921,0,
,,,,,79.81,840,7761,0,7761,6921,0,
,,,,,78.23,-1580,5341,0,5341,5341,1,
,,,,,76.53,-1700,3641,3280,6921,6921,0,
,,,,,74.92,-1610,5311,0,5311,5311,0,
,,,,,75.69,770,6081,0,6081,6081,0,
,,,,,75.15,-540,5541,0,5541,5541,1,
,,,,,74.15,-1000,4541,2380,6921,6921,0,
,,,,,74.07,-80,6841,0,6841,6841,0,
,,,,,73.35,-720,6121,0,6121,6121,0,
,,,,,74.91,1560,7681,0,7681,6921,0,
,,,,,77.72,2810,9731,0,9731,6921,0,
,,,,,77.43,-290,6631,0,6631,6631,1,
,,,,,73.54,-3890,2741,4180,6921,6921,1,
,,,,,71.52,-2020,4901,2020,6921,6921,0,
,,,,,72.29,770,7691,0,7691,6921,0,
,,,,,74.20,1910,8831,0,8831,6921,0,
,,,,,74.89,690,7611,0,7611,6921,0,
,,,,,75.72,830,7751,0,7751,6921,0,
,,,,,74.50,-1220,5701,0,5701,5701,0,
,,,,,77.42,2920,8621,0,8621,6921,0,
,,,,,77.73,310,7231,0,7231,6921,0,
,,,,,79.42,1690,8611,0,8611,6921,0,
,,,,,80.06,640,7561,0,7561,6921,0,
,,,,,80.31,250,7171,0,7171,6921,0,
,,,,,78.86,-1450,5471,0,5471,5471,0,
,,,,,80.00,1140,6611,0,6611,6611,1,
,,,,,78.17,-1830,4781,2140,6921,6921,0,
,,,,,79.66,1490,8411,0,8411,6921,0,
,,,,,78.70,-960,5961,0,5961,5961,0,
,,,,,79.68,980,6941,0,6941,6921,0,
,,,,,80.87,1190,8111,0,8111,6921,0,
,,,,,80.21,-660,6261,0,6261,6261,0,
,,,,,81.50,1290,7551,0,7551,6921,0,
,,,,,81.87,370,7291,0,7291,6921,0,
,,,,,81.49,-380,6541,0,6541,6541,0,
,,,,,82.09,600,7141,0,7141,6921,0,
,,,,,82.11,20,6941,0,6941,6921,0,
,,,,,81.24,-870,6051,0,6051,6051,1,
,,,,,79.80,-1440,4611,2310,6921,6921,0,
,,,,,81.70,1900,8821,0,8821,6921,0,
,,,,,82.93,1230,8151,0,8151,6921,0,
,,,,,82.20,-730,6191,0,6191,6191,1,
,,,,,80.68,-1520,4671,2250,6921,6921,0,
,,,,,81.25,570,7491,0,7491,6921,0,
